{"cameraMode":{"drawMode":0,"name":"Shaded","section":"Shading Mode"},"sceneLighting":true,"audioPlay":false,"sceneViewState":{"showFog":false,"showMaterialUpdate":false,"showSkybox":false,"showFlares":false,"showImageEffects":false,"showParticleSystems":false},"in2DMode":false,"pivot":{"x":-17.71764373779297,"y":19.519439697265626,"z":-17.768041610717775},"rotation":{"x":0.22521068155765534,"y":0.15388619899749757,"z":-0.036049842834472659,"w":0.961423397064209},"size":12.701764106750489,"orthographic":false}