{"cameraMode":{"drawMode":0,"name":"Shaded","section":"Shading Mode"},"sceneLighting":true,"audioPlay":false,"sceneViewState":{"showFog":false,"showMaterialUpdate":false,"showSkybox":false,"showFlares":false,"showImageEffects":false,"showParticleSystems":false},"in2DMode":false,"pivot":{"x":50.91630172729492,"y":-138.28573608398438,"z":285.5010986328125},"rotation":{"x":-0.26865071058273318,"y":-0.0819459855556488,"z":0.022944949567317964,"w":-0.9594772458076477},"size":153.8925018310547,"orthographic":false}