{"cameraMode":{"drawMode":0,"name":"Shaded","section":"Shading Mode"},"sceneLighting":true,"audioPlay":false,"sceneViewState":{"showFog":false,"showMaterialUpdate":false,"showSkybox":false,"showFlares":false,"showImageEffects":false,"showParticleSystems":false},"in2DMode":false,"pivot":{"x":0.65300452709198,"y":0.7586663961410523,"z":-0.15277203917503358},"rotation":{"x":0.23824645578861237,"y":-0.05096062272787094,"z":0.012519411742687226,"w":0.9697874784469605},"size":28.266281127929689,"orthographic":false}