{"cameraMode":{"drawMode":0,"name":"Shaded","section":"Shading Mode"},"sceneLighting":true,"audioPlay":false,"sceneViewState":{"showFog":false,"showMaterialUpdate":false,"showSkybox":false,"showFlares":false,"showImageEffects":false,"showParticleSystems":false},"in2DMode":false,"pivot":{"x":-10.25570011138916,"y":-21.718379974365236,"z":77.17658233642578},"rotation":{"x":0.23629577457904817,"y":0.09398247301578522,"z":-0.022969096899032594,"w":0.9668538570404053},"size":80.17919158935547,"orthographic":false}