{"cameraMode":{"drawMode":0,"name":"Shaded","section":"Shading Mode"},"sceneLighting":true,"audioPlay":false,"sceneViewState":{"showFog":true,"showMaterialUpdate":false,"showSkybox":true,"showFlares":true,"showImageEffects":true,"showParticleSystems":true},"in2DMode":false,"pivot":{"x":28.049509048461915,"y":-2.3098180294036867,"z":-76.2645034790039},"rotation":{"x":0.2030237317085266,"y":0.7833958268165588,"z":-0.32505375146865847,"w":0.4892975389957428},"size":88.86666870117188,"orthographic":false}