{"cameraMode":{"drawMode":0,"name":"Shaded","section":"Shading Mode"},"sceneLighting":true,"audioPlay":false,"sceneViewState":{"showFog":true,"showMaterialUpdate":false,"showSkybox":true,"showFlares":true,"showImageEffects":true,"showParticleSystems":true},"in2DMode":false,"pivot":{"x":352.0220031738281,"y":-1318.892822265625,"z":5117.685546875},"rotation":{"x":0.11072034388780594,"y":0.030408943071961404,"z":-0.0033892455976456405,"w":0.9933808445930481},"size":3390.645751953125,"orthographic":false}